<Ui xmlns="http://www.blizzard.com/wow/ui/" xmlns:xsi="http://www.w3.org/2001/XMLSchema-instance" xsi:schemaLocation="http://www.blizzard.com/wow/ui/
..\FrameXML\UI.xsd">
	<Button name="GoranawsAuraTemplate" inherits="SecureActionButtonTemplate" virtual="true">
		<Size x="30" y="30"/>
		<Attributes>
			<Attribute name="type2" value="cancelaura"/>
		</Attributes>
		<Scripts>
			<OnLoad>
				self:RegisterForClicks("AnyUp");
			</OnLoad>
			<OnMouseUp>
				--allows a Shift-Left click to send the
				--name of a buff to the chat window edit box.
				--Useful for mount collecting! See someone on 
				--a mount you want? shift-left click the buff icon, 
				--for easy copy and paste outside of WoW!
				if button == "LeftButton" and IsShiftKeyDown() then
					if ( IsModifiedClick("CHATLINK") and ChatEdit_GetActiveWindow() ) then
						local name = UnitAura(self:GetParent():GetAttribute("unit"), self:GetID(), self:GetParent():GetAttribute("filter"));
						local _, _, _, _, _, _, spellId = GetSpellInfo(name);
						if spellId then
							ChatEdit_InsertLink(GetSpellLink(spellId))
						else
							ChatEdit_InsertLink(name);
						end
					end
				end
			</OnMouseUp>
			
			<OnEnter>
				GameTooltip:SetOwner(self,"ANCHOR_BOTTOMLEFT")
				GameTooltip:SetFrameLevel(self:GetFrameLevel() + 2)
				if ( GameTooltip:IsOwned(self) ) then
					if self:GetParent():GetAttribute("filter") =="HELPFUL" then
						GameTooltip:SetUnitAura(self:GetParent():GetAttribute("unit"), self:GetID())
					else
						GameTooltip:SetUnitDebuff(self:GetParent():GetAttribute("unit"), self:GetID())
					end
				end
			</OnEnter>
			<OnLeave>
				GameTooltip:Hide()
			</OnLeave>
		</Scripts>
	</Button>

	<Button name="GoranawsOverlayAuraTemplate" virtual="true">
		<Size x="30" y="30"/>
		<Frames>
			<Cooldown  name="$parentCooldown" parentKey="cooldown" setAllPoints="true" reverse="true" drawEdge="true" hidden="true">
				<SwipeTexture>
					<Color r="0" g="0" b="0" a="1"/>
				</SwipeTexture>
				<EdgeTexture name="$Spiral" parentKey="spiral" file="Interface\Addons\Dominos_Auras\cooldown">
					<Color r="0" g="0" b="0" a="1"/>
				</EdgeTexture>
				<BlingTexture file="Interface\Cooldown\star4">
					<Color r="0.3" g="0.6" b="1" a="0.8"/>
				</BlingTexture>
			</Cooldown>
		</Frames>
		<Layers>
			<Layer level="ARTWORK">
				<Texture name="$parentIcon" parentKey="icon" setAllPoints="true"/>
			</Layer>
			<Layer level="OVERLAY">
				<FontString parentKey="txt" inherits="GameFontNormalSmall" setAllPoints="true"/>
			</Layer>
		</Layers>

	</Button>
	
	<Script file="template.lua"/>
</Ui>